Site Name,Generator Name Fake,Score,Position,Generator Name
A'Chruach (Phase 1),A'Chruach   Limited,65,90,A'Chruach Wind Farm Limited
Accolade Wines,Accolade Wines 2,93,554,Accolade Wines 2
Achairn,Achany ,77,72,Achairn Energy
Achany Wind Farm,Achany ,100,72,Achany Windfarm
Achlachan Wind Farm,Achlachan  ,100,291,Achlachan Wind Farm
PROMISED LAND FARM,AFTON WIND FARM,55,53,AFTON WIND FARM
Afton Wind Farm,Melton  ,55,489,AFTON WIND FARM
"Aikengall II, Wester Dod Community Wind Farm",Neilston Community  ,58,321,Aikengall II Windfarm
Aikengall,Aikengall ,100,40,Aikengall Windfarm
Airies Farm,Airies  ,100,113,Airies Wind Farm
East Youlstone Wind Farm,Great Orton,64,823,Airvolution Energy (East Youlstone) Limited
Garlenick Estate 2 - Wind Turbines,Harestanes ,48,15,Airvolution Energy (Garlenick) Limited
M1 J18 Wind Turbines,Clyde  (South),36,8,Airvolution Energy (M1J18) Limited
Allt Dearg Wind Farmers LLP,Allt Dearg  ers LLP,100,207,Allt Dearg Wind Farmers LLP
Glenconway 2 (formerly Altahullion Phase III),Walney Offshore  Phase II,52,1718,Altahullion Wind Farm
Altahullion Phase II,Altahullion  ,71,164,Altahullion Wind Farm
Altahullion,Altahullion  ,100,164,Altahullion Wind Farm
Altamuskin Extension,Maesgwyn Extension.,68,531,Altamuskin Wind Farm
Altamuskin,Altamuskin  ,100,296,Altamuskin Wind Farm
Altaveedan Wind Farm,Altaveedan  ,100,156,Altaveedan Wind Farm
Alveston Wind Park,Alveston  Park Limited,78,494,Alveston Wind Park Limited
An Suidhe,An Suidhe  ,100,293,An Suidhe Wind Farm
Andershaw,Andershaw  ,100,73,Andershaw Wind farm
Upper Ardgrain Wind Farm,Ardgrain  Cluster,52,580,Ardgrain Wind Cluster
Ardrossan,Carland Cross ,64,521,Ardrossan Windfarm (Scotland) Ltd - A
Ardrossan Extension,Maesgwyn Extension.,70,531,Ardrossan Windfarm (Scotland) Ltd - A
Arecleoch Windfarm,Arecleoch,100,20,Arecleoch
Ark Hill,Ark Hill  ,100,423,Ark Hill Wind Farm
Armistead Wind Farm,Armistead  ,100,316,Armistead Wind Farm
Arnish Moor,Arnish Moor  - A,81,672,Arnish Moor Windfarm - A
Artfield Fell,"Artfield Fell  - A,C",79,153,"Artfield Fell Windfarm - A,C"
Assel Valley Wind Farm,Assel Valley  ,100,115,Assel Valley Wind Farm
Auchadaduie Wind Farm,Auchadaduie  ,100,399,Auchadaduie Wind Farm
Auchinderran Wind Farm,Auchinderran1,96,581,Auchinderran1
Auchrobert Wind Farm,Auchrobert  ,100,84,Auchrobert Wind Farm
Bad a Cheo Wind Farm,Bad a Cheo  ,100,138,Bad a Cheo Wind Farm
Bagmoor,Bagmoor  ,100,237,Bagmoor Wind Farm
Baillie Wind Farm,Baillie  ,100,49,Baillie Wind farm
Ballymena Wind Park Limited,Ballymena  Park Limited,100,524,Ballymena Wind Park Limited
Bambers Farm,Seamer  ,62,344,Bamber's Farm Wind Park Ltd - A
Bankend Rig,Bankend Rig ,100,289,Bankend Rig Windfarm
Barlockhart Moor,Barlockhart Moor  Energy Limited,67,323,Barlockhart Moor Wind Energy Limited
Barmoor South Wind Farm ,Barmoor,70,246,Barmoor
Barns of Ayre Wind Turbines (2),Barns of Ayre,81,558,Barns of Ayre
Batsworthy Cross,Batsworthy Cross  ,100,232,Batsworthy Cross Wind Farm
Bears Down Wind Farm,Bears Down Reservoir,67,336,Bears Down Reservoir
Beck Burn ,Beckburn  ,94,161,Beckburn Wind Farm
Beckton Sewage Treatment Works,"Loftsome Bridge Water treatment Works - A, D (24/09/2007)",51,645,Beckton STW wind turbine
Beinn an Tuirc Phase 2,Beinn an Tuirc  Extension,68,63,Beinn an Tuirc Windfarm Extension
Beinn an Tuirc,Beinn an Tuirc  Extension,72,63,Beinn an Tuirc Windfarm Extension
Beinn Ghlas Wind Farm,Beinn Ghlas ,100,366,Beinn Ghlas Windfarm
Point Wind / Beinn Ghrideag Farm,Beinn Ghrideag  ,76,588,Beinn Ghrideag wind farm
Beinn Tharsuinn Extension (Beinn nan Oighrean),Beinn nan Oighrean (Beinn Tharsuinn Extension),56,490,Beinn nan Oighrean (Beinn Tharsuinn Extension)
Beinn Tharsuinn Windfarm Project,"Beinn Tharsuin   - A,E",74,129,"Beinn Tharsuin Wind Farm - A,E"
Beinneun Windfarm Extension,Beinn an Tuirc  Extension,77,63,Beinneun Wind Farm
Beinneun,Beinneun  ,100,13,Beinneun Wind Farm
Ben Aketil Extension,Beinn an Tuirc  Extension,76,63,Ben Aketil Wind Farm
Ben Aketil,Ben Aketil  ,100,87,Ben Aketil Wind Farm
"Bendealt Wind Farm, Highland",Bendealt (Novar) ,63,369,Bendealt (Novar) Windfarm
Weston Airfield Wind Turbines,Spaldington Airfield   (1),70,313,Bernard Matthews Wind Farm Weston LLP
Berry Burn,Berry Burn  ,100,35,Berry Burn Wind Farm
Bessy Bell Extension,Bessy Bell II,73,349,Bessy Bell II
Bessy Bell Wind Farm,Bessy Bell ,100,474,Bessy Bell Windfarm
Bhlaraidh (previously Balmacaan),Bhlaraidh  ,45,16,Bhlaraidh Wind Farm
Bicker Fen,Bicker,75,149,Bicker
Bilbster Wind Farm,Bilsthorpe  ,67,388,"Bilbster Wind Farm, (14/12/07)"
Stonish Hill (Bilsthorpe),Bilsthorpe  ,59,388,Bilsthorpe Wind Farm
Bin Mountain,Long Mountain,80,180,Bin Mountain Wind Farm (NI) Ltd - A (5/2/07)
Bishopthorpe,Bishopthorpe,100,171,Bishopthorpe
Black Hill (Borders),Black Hill   - A,69,114,Black Hill Wind Farm - A
Black Law Extension - 1a,BLACK LAW EXTENSION,88,85,BLACK LAW EXTENSION
Black Law Extension - 1b,BLACK LAW EXTENSION,88,85,BLACK LAW EXTENSION
Black Law,"Black Law  - A,C",72,42,"Black Law Windfarm - A,C"
Blackcraig,Blackcraig  ,100,29,Blackcraig Wind Farm
Blackstone Edge,Blackstone Edge,100,416,Blackstone Edge
Blaen Bowi Wind Farm,Blaen Bowi cluster,71,568,Blaen Bowi Windcluster
Blantyre Muir Wind Farm,Blantyre Muir  Energy Ltd,68,238,Blantyre Muir Wind Energy Ltd
Blantyre Muir Wind Farm extension,Beinn an Tuirc  Extension,72,63,Blantyre Muir Wind Energy Ltd
Bloodhills - repowering,Coal Clough Repowering,62,204,Blood Hill Wind Farm - A
Blood Hill Wind Farm,Blood Hill  ,100,661,Blood Hill Wind Turbine
Blyth Harbour Wind Farm,Blyth Harbour   - A,81,500,Blyth Harbour Wind Farm - A
Blyth Harbour Wind Farm (re-power),Blyth Harbour   - A,82,500,Blyth Harbour Wind Farm - A
Boardinghouse Wind Farm,Boardinghouse  Limited,74,282,Boardinghouse Windfarm Limited
Boddington Reservoir,Bears Down Reservoir,65,336,Boddington Renewables Limited
Bogenlea Farm,Bogenlea  ,100,559,Bogenlea Wind Turbine
Bonerbo Wind Turbines,Boyndie - A,57,205,Bonerbo Renewable
Boulfruich,"Boulfruich   - A,C",71,278,"Boulfruich Wind Farm - A,C"
Boundary Lane,Boundary Lane,100,426,Boundary Lane
Boyndie Airfield Extension,Beinn an Tuirc  Extension,63,63,Boyndie - A
Boyndie Airfield,Eye Airfield  ,79,462,Boyndie - A
Draperstown (Brackagh) Wind Farm,"Yonderton, Banf",56,469,Brackagh Wind Farm
Bradwell Wind Farm (Repower),Delabole   Repower,76,343,Bradwell
Braes O'Doune,Braes of Doune  (Scotland) Ltd  - A,54,47,Braes of Doune Windfarm (Scotland) Ltd  - A
Braich Ddu,Braich Ddu (5/07/07),69,534,Braich Ddu (5/07/07)
Brechfa Forest West,Brechfa Forest West  ,100,23,Brechfa Forest West Wind Farm
Brenig Wind Farm,Brenig  ,100,67,Brenig Wind Farm
Avonmouth Port II,Glass Moor II,53,295,Bristol City Council's Avonmouth Wind Farm
Avonmouth Port,Strathy North,52,45,"Bristol Port Wind Park Ltd - A,D,  (01/07/2007)"
Avonmouth Port - extension,Mynydd Portref  Extension,67,257,"Bristol Port Wind Park Ltd - A,D,  (01/07/2007)"
Brockaghboy Wind Farm - extension,BLACK LAW EXTENSION,64,85,Brockaghboy Full
Brockaghboy Wind Farm,Brockaghboy Full,81,38,Brockaghboy Full
Brockholes Wind Cluster,Brockholes  Cluster,100,571,Brockholes Wind Cluster
Broom Hill Farm,Broom Hill,100,386,Broom Hill
Brotherton (formerly Paul Matthew Hill wind turbines),Netherton of yhills,50,615,Brotherton Wind Farm
BROWNIELEYS - 3 WIND TURBINES,Brownieleys,55,378,Brownieleys
Bryn titli Windfarm,Bryn Titli  ,100,320,Bryn Titli Wind Farm
Bu Farm,Bu ,100,550,Bu Farm
Burradale Hill,Burgar Hill,72,634,Burgar Hill
Burgar Hill,Burgar Hill,100,634,Burgar Hill
"Burgar Hill (land Near), Evie",Burgar Hill   - A,70,350,Burgar Hill Wind Farm - A
Burn of Whilk,Burn of Whilk  ,100,133,Burn of Whilk Wind Farm
Burnfoot Hill Extension,Hare Hill Extension,76,136,Burnfoot
Burnfoot Hill,Broom Hill,78,386,Burnfoot
Burnhead,Burnhead  ,100,120,Burnhead Wind Farm
Burnt House Farm,Burnthouse ,95,452,Burnthouse Windfarm
Burton Pidsea (Wadworth Hill) Wind Farm,Burton Pidsea  ,63,305,Burton Pidsea Wind Farm
Burton Wold Windfarm,Burton Wold,100,187,Burton Wold
Burton Wold Wind Farm - Northern Extension ,Burton Wold   South,64,322,Burton Wold Wind Farm South
Burton Wold Wind Farm South,Burton Wold   South,100,322,Burton Wold Wind Farm South
Butterwick Moor,Butterwick Moor  ,100,245,Butterwick Moor Wind Farm
Cairnborrow ,Cairnborrow  ,100,329,Cairnborrow Wind Farm
Cairnmore Farm,Cairnmore,100,572,Cairnmore
Calder Water Community Wind Farm,Calder Water ,71,82,Calder Water Windfarm
Callagheen,Callagheen  ,100,288,Callagheen Wind Farm
Camster,Camster  ,100,30,Camster Wind Farm
Carcant Windfarm,Carcant ,100,400,Carcant Windfarm
G24 Innovations Turbine,Mains of Hatton,47,575,Cardiff Wind Park (G24 Wentloog)
Carland Cross Wind Farm Repowering,Carland Cross Repowering ,96,209,Carland Cross Repowering Windfarm
Carland Cross,Carland Cross ,100,521,Carland Cross Windfarm
Carn Hill,Carn Hill ,100,270,Carn Hill Windfarm
Carno 'A' Wind Farm,Carno A,93,262,Carno A
Carno 'B' Wind Farm,Carno B,93,263,Carno B
"Carno 'A'and 'B' Wind Farm, (Extension)",Beinn an Tuirc  Extension,58,63,Carno II
Townlands of Carrickatane,Carrickatane ,65,148,Carrickatane Windfarm
Carsington Pasture,Carsington,71,383,Carsington
Castle of Auchry Farm,Castle of Auchry,100,582,Castle of Auchry
Castle Pill - Repowering,Coal Clough Repowering,65,204,"Castle Pill Farm 1 - A, C"
Castlecraig,Castlecraig  ,100,144,Castlecraig Wind Farm
Cathkin Braes Wind Farm (Castlemilk),Cathkin Braes  ,65,552,Cathkin Braes Wind Farm
Caton Moor Windfarm Repowering,Coal Clough Repowering,64,204,Caton Moor Wind Farm - A
Causeymire,Causeymire  ,100,80,Causeymire Wind Farm
Cefn Croes Wind Farm,Cefn Croes,100,52,Cefn Croes
Cemmaes 'B' Wind Farm,Cemmaes B,95,523,Cemmaes B
Cemmaes 'C' Wind Farm,Cemmaes C ,95,318,Cemmaes C Windfarm
Chelveston Renewable Energy Park Wind Farm (East Northamptonshire),Chelveston Renewable Energy,64,135,Chelveston Renewable Energy
Chelveston Renewable Energy Park Wind Farm (Bedford),Chelveston Renewable Energy,77,135,Chelveston Renewable Energy
Mounteneys and Cherry Rock Wind Turbines,Dunsland Cross ,51,473,Cherry Rock Wind
Chiplow,Chiplow   Ltd,70,405,Chiplow Wind Farm Ltd
Church Hill,Hunters Hill ,70,216,Church Hill Energy Limited
Clachan Flats Wind Farm,Clachan Flats,100,418,Clachan Flats
Clashindarroch 2,Clashindarroch  ,93,101,Clashindarroch Wind Farm
Clocaenog Forest Wind Farm,Clocaenog Forest  ,100,14,Clocaenog Forest Wind Farm
Clochnahill Wind Farm,Clochnahill  ,100,446,Clochnahill Wind Farm
Clondermot Turbines,Clondermot  Limited,71,560,Clondermot Wind Limited
Cloonty Wind Farm,Cloonty ,100,384,Cloonty Windfarm
Clyde Wind Farm,Inverclyde  ,67,222,Clyde Windfarm (Central)
Clyde Wind Farm Extension (Clyde 2),Muirhall  Extension Ltd,61,355,Clyde Windfarm (North)
Cnoc Donn Arnicle,Cnoc Donn Arnicle (Beinn An Tuirc)  ,68,197,Cnoc Donn Arnicle (Beinn An Tuirc) Wind Farm
Coal Clough Wind Farm Repowering,Coal Clough Repowering,96,204,Coal Clough Repowering
Coal Clough Wind Farm,Coal Clough  - A,81,535,Coal Clough Windfarm - A
Coire Na Cloiche Wind Farm,Coire Na Cloiche ,100,125,Coire Na Cloiche Windfarm
Cold Northcott,Cold Northcott ,100,1222,Cold Northcott Windfarm
Coldham Hall,"Coldham   - A, E",64,279,"Coldham Wind Farm - A, E"
Coldham,Frodsham  ,67,88,"Coldham Wind Farm - A, E"
Common Barn Wind Farm,Common Barn  ,100,406,Common Barn Wind Farm
Connaught Road,Coal Clough  - A,53,535,Connaught (13/12/2007)
Corby Knowe,Corby Knowe WF,88,488,Corby Knowe WF
Corkey Wind Farm Extension ,BLACK LAW EXTENSION,70,85,Corkey Windfarm
Corkey Wind Farm,Corkey ,100,430,Corkey Windfarm
Corriegarth,Garth  ,62,442,Corriegarth Wind Energy Centre
Corriemoillie,Corriemoillie ,100,75,Corriemoillie Windfarm
Cotton Farm,Cotton 1,86,173,Cotton Farm1
Cour Wind Farm,Corkey ,60,430,Cour WF - GP
Courtstone Wind Turbine,Courtstone  ,100,641,Courtstone Wind Turbine
Craig Wind Farm,Craig  ,100,339,Craig Wind Farm
Craig Wind Farm (Extension),Pant y Wal Extension  ,68,131,Craig Wind Farm 2
Craigannet Farm Wind Turbine,CraigannetFiT,87,643,CraigannetFiT
Cregganconroe,Cregganconroe WF,90,234,Cregganconroe WF
Crighshane,Broughshane  ,76,184,Crighshane Energy Limited
Crimp Wind Farm,Crimp  ,100,583,Crimp Wind Farm
Crockagarron Ext,Crockagarran  ,79,219,Crockagarran Wind Farm
Crockagarran,Crockagarran  ,100,219,Crockagarran Wind Farm
Crockandun,Crockandun ,100,177,Crockandun Windfarm
Crockbaravally Wind Farm,Crockbaravally   Limited,74,396,Crockbaravally Wind Farm Limited
Crockdun,Crockdun,100,290,Crockdun
Croda Chemicals Europe,Croda Europe  ,71,638,Croda Europe Wind Turbine
Crook Hill (Calderdale MBC) 1 of 2,Black Hill   - A,48,114,Crook Hill
Crook Hill (Rochdale MBC) 2 of 2,Black Hill   - A,50,114,Crook Hill
Crossness Sewage Works Turbine,Crossness STW  ,69,723,Crossness STW wind turbine
Cruach Mhor,"Cruach Mhor  - A, E",73,168,"Cruach Mhor Windfarm - A, E"
Crystal Rig Extension II,Crystal Rig II  ,74,10,Crystal Rig II Wind Farm
Crystal Rig Wind Farm Phase III,Crystal Rig III ,79,210,Crystal Rig III Windfarm
Crystal Rig Phase 1,"Crystal Rig  - A,E",76,77,"Crystal Rig Windfarm - A,E"
Crystal Rig Wind Farm Phase 2a,"Crystal Rig  - A,E",80,77,"Crystal Rig Windfarm - A,E"
Curryfree Wind Farm,Curryfree  ,100,206,Curryfree Wind Farm
Ford Wind Park - Dagenham,Cardiff  Park (G24 Wentloog),54,622,Dagenham Wind Park Limited - A.C
Dalby,Keadby  ,55,31,Dalby Wind Park Ltd
Dalswinton,Dalswinton ,100,176,Dalswinton Windfarm
Damhead Farm,Damhead  ,100,612,Damhead Wind Turbine
Darracott Moor,Darracott Moor  ,100,595,Darracott Moor Wind Farm
Deeping St Nicholas Wind Farm,Deeping St Nicholas   - A,86,218,Deeping St Nicholas Wind Farm - A
Delabole Wind Farm,"Delabole - A,C,D",67,539,"Delabole - A,C,D"
Delabole (Repowering),Delabole   Repower,89,343,Delabole Wind Farm Repower
Den Brook,Den Brook  ,100,226,Den Brook Wind Farm
Denhill,Denhill  ,100,628,Denhill Wind Turbine
Denzell Downs Wind Farm,Denzell Downs ,100,244,Denzell Downs Windfarm
Dersalloch,Dersalloch,100,39,Dersalloch
Deucheran Hill,Deucheran Hill,100,301,Deucheran Hill
Deuchries,Deuchries  ,100,411,Deuchries Wind Farm
Dorenell Wind Farm (Previously Site A and B Scaut Hill),"Hare Hill   (eon) - A, C (3H)",49,671,Dorenell Wind Farm
Double Arches Quarry Wind Turbine,Double Arches  ,79,619,Double Arches Wind Turbine
Ness point Wind Turbine 1,DRIGG (Ness Point),65,676,DRIGG (Ness Point)
Droop Hill Wind Farm x,Drone Hill   LTD,73,150,Drone Hill Wind Farm LTD
Drone Hill,Drone Hill   LTD,77,150,Drone Hill Wind Farm LTD
Drumderg,Drumderg ,100,152,Drumderg Windfarm
Drumduff,Drumduff  ,100,394,Drumduff Wind Farm
Dummuie,Dummuies  - A,70,358,Dummuies Windfarm - A
Dun Law Extension,Dun Law Extension,100,155,Dun Law Extension
Windyhill Road (Dunbeg) Wind Farm,Hill of Fiddes  ,56,485,Dunbeg Windfarm
Dungavel Hill,Dungavel,76,97,Dungavel
Dunmaglass Wind Farm,Dunmaglass  ,100,12,Dunmaglass Wind Farm
Dunmore,Dunmore   Ltd,70,174,Dunmore Wind Farm Ltd
Dunsland Cross Wind Farm,Dunsland Cross ,100,473,Dunsland Cross Windfarm
Dyffryn Brodyn Wind Farm,Dyffryn Brodyn   - A,82,561,Dyffryn Brodyn Wind Farm - A
Earl's Hall,Earls Hall 1,87,251,Earls Hall Farm1
Earlsburn,Kelburn  ,75,76,"Earlsburn Wind Farm - A,E"
Earlseat,Earls Hall 1,60,251,"Earlseat Wind Farm, Kirkcaldy"
Easter Melrose Wind Energy Project,Easter Melrose,64,542,Easter Melrose
Swaffham 1 - Ecotech Wind Park,Taff Ely   - A,50,368,Ecotech Wind Turbine Generator
Edinbane Wind Farm,Edinbane  ,100,69,Edinbane Wind Farm
Edintore Wind Farm,Edintore  ,100,217,Edintore Wind Farm
Eglish Mountain,Teiges Mountain  ,80,243,Eglish
Elliot's Hill Wind Farm,Elliots Hill,96,468,Elliots Hill
Bowbeat Wind Farm,Emly Bank (Bowbeat),56,269,Emly Bank (Bowbeat)
Eshmore,Eshmore,100,437,Eshmore
Ewe Hill,Ewe Hill 1,89,249,Ewe Hill 1
Ewe Hill (extension),Hare Hill Extension,84,136,Ewe Hill II
Fairburn,Fairburn ,100,81,Fairburn Windfarm
Fairfield Farm,Fairfield  ,100,441,Fairfield Wind Farm
Tod Hill Farm Wind Turbines,Blood Hill   - A,71,637,Falkirk Tod Hill Wind Farm
Fallago Rig,Fallago Rig,100,7,Fallago Rig
Farr Wind Farm,Marr  ,75,373,Farr Wind farm ltd - A
Fen Farm,French   ,67,507,Fen Farm Wind Park (Conisholme)
Penrhys Wind Farm/Ferndale Power Factory,"Forss I (Crofting Power,Hill Of Lybster)",48,548,Ferndale Wind farm
Ferneylea Farm,Ferneylea1,95,651,Ferneylea1
Ffynnon Oer Wind Farm,"Ffynnon Oer   Ltd - A,E",65,179,"Ffynnon Oer Wind Farm Ltd - A,E"
Land at Flimby Hall Farm ,Pant y Wal  ,55,50,Flimby
"West Hill, Flotta",Drone Hill   LTD,61,150,Flotta Wind Farm
Flotta,Flotta  ,100,611,Flotta Wind Farm
Hill of Lybster (Wind Turbine - Extension),Whitelee  Extension,61,9,"Forss I (Crofting Power,Hill Of Lybster)"
Hill of Lybster,Hill of Towie  ,71,57,"Forss I (Crofting Power,Hill Of Lybster)"
Forss Wind Farm,Forss   Phase 2,50,381,Forss Wind Farm Phase 2
Forss Wind Farm (Extension),Tullo Extension,67,162,Forss Wind Farm Phase 2
Four Burrows Wind Farm,Four Burrows   - A,80,538,Four Burrows Wind Farm - A
Fraisthorpe Wind Farm,Fraisthorpe   Ltd,79,94,Fraisthorpe Wind Farm Ltd
Freasdail Wind Farm,Freasdail  ,100,122,Freasdail Wind Farm
French Farm,French   ,100,507,French Farm Wind Farm
Frodsham Marsh,Frodsham  ,73,88,Frodsham Wind Farm
Fullabrook Down Wind Farm,Fullabrook  ,80,43,Fullabrook Wind Farm
Gairnieston Farm,Airies  ,71,113,Gairnieston Wind Cluster
Galawhistle,Galawhistle  Limited,71,71,Galawhistle Windfarm Limited
Gallowhill,Millour Hill,64,104,Gallowhill
Galsworthy Wind Park,Galsworthy  Park Ltd,89,392,Galsworthy Wind Park Ltd
Garreg Lwyd,Garreg Lwyd Hill,81,55,Garreg Lwyd Hill
North Yell Wind Farm (Garth Community Wind Farm),Lochcarnan Community  ,57,363,Garth Wind Farm
Garves Mountain Farm,Teiges Mountain  ,80,243,Garves Wind Farm
Gawnsmoss Cluster,Gairnieston  Cluster,70,586,Gawnsmoss
Gayton Le Marsh Wind Farm,Gayton Le Marsh  ,100,158,Gayton Le Marsh Wind Farm
Clentrie Wind Farm (Gevens),"Crystal Rig  - A,E",50,77,Gevens
Glass moor Extension,Glass Moor II,73,295,Glass Moor II
Glass Moor,Glass Moor II,87,295,Glass Moor Wind Farm - A
Glen App,Glen App,100,154,Glen App
Jacksbank Wind Farm (Glenbervie),Glenbervie,61,483,Glenbervie
Glenbuck II,Glenbuck,84,317,Glenbuck
Glenbuck,Glenbuck,100,317,Glenbuck
Glenchamber Wind Farm,Glenchamber - GP,81,123,Glenchamber - GP
Glenkerie Wind Farm,Glenkerie  ,100,134,Glenkerie Wind Farm
Glens of Foudland,"Glens of Foudland   - A, C",79,165,"Glens of Foudland Wind Farm - A, C"
Hampole Wind Farm,AOE ,60,275,Good Energy Hampole Windfarm
Goole Fields ll Wind Farm,Goole Fields  ,89,93,Goole Fields Wind Farm
Goole Fields,Goole Fields  ,100,93,Goole Fields Wind Farm
Goonabarn Farm Wind Turbines,Common Barn  ,58,406,Goonabarn Farm
Goonhilly Downs - Wind,Goonhilly Downs  ,100,212,Goonhilly Downs Wind Farm
Goonhilly Downs Wind Farm Repower,Goonhilly Downs   - A,78,547,Goonhilly Downs Wind Farm - A
Gordonbush,Gordonbush  ,100,17,Gordonbush Wind Farm
Gordonstown Hill Wind Farm,Gordonstown  ,81,327,Gordonstown Wind Farm
Gortfinbar,Gortfinbar  ,100,255,Gortfinbar Wind Farm
Great Eppleton Wind Farm,Great Eppleton ,100,508,Great Eppleton Farm
Great Eppleton Farm Repowering,Great Eppleton WF,74,453,Great Eppleton WF
Orton Park Farm,Longpark  ,67,103,Great Orton
Great Orton,Great Orton,100,823,Great Orton
Great Orton Wind Farm (Extension),Pant y Wal Extension  ,64,131,Great Orton Airfield
Green Knowes,Green Knowes ,100,110,Green Knowes Windfarm
Green Park,Green Rigg,70,89,Green Park Wind Farm Limited - A
Green Rigg,Green Rigg,100,89,Green Rigg
Greendykeside,Green Knowes ,64,110,Greendykeside Wind Farm - A (20/09/2007)
Greenhill Croft,Greenhill  ,75,553,Greenhill Wind Turbine
Griffin Wind farm,Gortfinbar  ,59,255,Griffin & Calliachar Wind Farm
Calliachar,Griffin & Calliachar  ,67,11,Griffin & Calliachar Wind Farm
Gruig Wind Farm,Gruig  ,100,167,Gruig Wind Farm
Dewlay Cheese Wind Turbine,GWDL (Dewlay Cheese),81,592,GWDL (Dewlay Cheese)
Haddo,Haddo  s,77,496,Haddo Wind Turbines
Hadyard Hill,"Hadyard Hill  - A,C",77,19,"Hadyard Hill Windfarm - A,C"
Hafoty Ucha '2' and '3' Wind Turbine,Hafoty Ucha 2,74,606,Hafoty Ucha 2
"Hagshaw Hill (S15) Wind Farm, Lanarkshire","Pauls Hill   - A,C,E",57,25,Hagshaw Hill B
Hagshaw Hill Wind Farm,Hagshaw Hill B,92,292,Hagshaw Hill B
Hagshaw Hill Wind Farm Extension,Hagshaw Hill Extension,96,145,Hagshaw Hill Extension
Halifax Farm,Halsary ,57,95,Halifax Farm
Hallburn Farm ,Lilbourne  ,71,310,Hallburn Farm Wind Farm - GP
Halsary Wind Farm,Halsary ,100,95,Halsary Windfarm
Hameldon Hill extension,Hameldon Hill Extension,100,421,Hameldon Hill Extension
Hammar's Hill,Hammars Hill,96,413,Hammars Hill
Harburnhead Wind Farm,Harburnhead ,100,54,Harburnhead Windfarm
Hare Hill (B),Hare Hill (3H),88,597,Hare Hill (3H)
Hare Hill Extension,Hare Hill Extension,100,136,Hare Hill Extension
Hare Hill (East Ayrshire),Hare Hill   - A,67,202,Hare Hill Wind Farm - A
Hare Hill,Wharrels Hill ,82,346,"Hare Hill Wind Farm (eon) - A, C (3H)"
Harestanes,Harestanes ,100,15,Harestanes Windfarm
Harlock Hill Wind Farm,Harlock Hill  ,100,478,Harlock Hill Wind Farm
Haswell Moor,Haswell Moor WF,89,340,Haswell Moor WF
Hazlehead,Hazlehead,100,422,Hazlehead
High Hedley Hope 2 (Extension),Whitelee  Extension,71,9,Hedley Hope
Hedley Hope,Hedley Hope,100,608,Hedley Hope
Hellrigg Wind farm,Hellrigg  ,100,303,Hellrigg Wind Farm
Fanny House Farm/Heysham Moss,Heysham Moss,65,601,Heysham Moss
Heysham South Wind Farm,Heysham South  ,100,351,Heysham South Wind Farm
High Haswell Wind Farm,High Haswell  ,100,528,High Haswell Wind Farm
High Pow Farm ,High Pow - A,80,530,High Pow - A
High Sharpley Wind Farm,High Sharpley - A,87,609,High Sharpley - A
High Volts Wind Farm,High Volts   (3H),77,618,High Volts Wind Farm (3H)
Tullo Farm,Altahullion  ,62,164,Hilhead of Tullo
Hill of Balquhindachy extension,Hill of Balquhindachy   - A,76,545,Hill of Balquhindachy Wind Turbine - A
Hill of Fiddes,Hill of Fiddes  ,100,485,Hill of Fiddes Wind Farm
Hill of Glaschyle Wind Farm,Hill of Glaschyle,100,188,Hill of Glaschyle
Hill of Skilmafilly Cloffrickford (Denmore) Wind Farm,Hill of Skilmafilly Full Accreditation,60,380,Hill of Skilmafilly Full Accreditation
Hill of Towie (Drummuir),Hill of Towie  ,72,57,Hill of Towie Wind Farm
Hillhead of Auquhirie,Hillhead of Auquhirie,100,410,Hillhead of Auquhirie
Holmside Hall,Holmside Hall (3H),87,1297,Holmside Hall (3H)
Hook Moor,Hook Moor  ,100,294,Hook Moor Wind Farm
Hoprigshiels Community Wind Farm,Pogbie Community,74,463,Hoprigshiels
House O'Hill,House o'Hill,100,562,House o'Hill
Hunter's Hill,Hunters Hill ,96,216,Hunters Hill Windfarm
Hyndburn Wind Farm,Hyndburn  ,100,124,Hyndburn Wind Farm
Goathill Quarry Turbine,Sober Hill A,52,306,Infinite Ventures (Goathill)
Inishative,Inishative WF,87,298,Inishative WF
Inverclyde Wind Farm (Corlic Hill),Clyde  (North),58,4,Inverclyde Wind Farm
GlaxoSmithKline Wind Project,Milton Keynes (Petsoe)  ,49,231,Irvine GSK Wind Turbines
Jack's Lane Wind Farm,Jack's Lane  ,100,196,Jack's Lane Wind Farm
Keadby Wind Farm,Keadby  ,100,31,Keadby Wind Farm
Keith Hill ,Keith Hill,100,516,Keith Hill
Kelburn,Kelburn  ,100,76,Kelburn Wind Farm
Kelmarsh Wind Farm (Resubmission),Kelmarsh  _Full,56,259,Kelmarsh Wind Farm_Full
Kilbraur Windfarm Farlary - Extension,Kentish Flats Extension  ,62,1733,Kilbraur Wind Farm
Kilbraur Windfarm,Kilbraur  ,100,32,Kilbraur Wind Farm
Kildrummy Windfarm,Kildrummy1,95,181,Kildrummy1
Kilgallioch wind farm,Kilgallioch,100,2,Kilgallioch
Kiln Pit Hill Windfarm,Kiln Pit Hill  ,100,308,Kiln Pit Hill Wind Farm
Kinegar Quarry ,Kinegar,67,419,Kinegar
Earlsburn North (Kingsburn) Wind Farm,"Earlsburn   - A,E",56,61,Kingsburn Wind Farm
Kingspan,Kingsburn  ,71,107,Kingsburn Wind Farm
Kirkby Moor,Kirkby Moor   - A,79,501,Kirkby Moor Wind Farm - A
Kirkheaton Wind Farm,Kirkheaton  ,100,674,Kirkheaton Wind Farm
Haverigg Repowering (Haverigg II),Kirksanton Airfield (Haverigg II),47,667,Kirksanton Airfield (Haverigg II)
Haverigg Extension Wind Farm,Hare Hill Extension,76,136,Kirksanton Airfield (Haverigg II)
Hill of Tillymorgan (Kirkton Farm) Wind turbines ,Mackies Hill of Easterton   - D,53,564,Kirkton Wind Turbines
Knabs Ridge Windfarm,Tween Bridge  ,61,70,Knabs Ridge Wind Farm (12/12/2007)
Kype Muir Wind Farm,Kype Muir  ,100,22,Kype Muir Wind Farm
LADEHEAD FARM - WIND TURBINES,Hillhead of Auquhirie,44,410,Ladehead Wind Farm
Lairg Wind Farm,Stronelairg  ,62,1,Lairg Wind Farm Limited
Lambrigg Wind Farm,Lambrigg ,100,518,Lambrigg Windfarm
Lambs Hill,Lambs Hill,100,357,Lambs Hill
Lancaster University (wind),Lancaster University  ,100,569,Lancaster University Wind Turbine
Langhope Rig,Langhope Rig  ,100,192,Langhope Rig Wind Farm
Langley Moor,Langley,74,382,Langley
Lawrence Landfill,Garreg Lwyd Hill,55,55,Lawrence Landfill
Lendrum's Bridge Wind Farm,Lendrums Bridge (NFFO) - A,71,481,Lendrums Bridge (NFFO) - A
Lendrum's Bridge Wind Farm ( Extension 2),Lendrums Bridge Extension Site,84,420,Lendrums Bridge Extension Site
Lilbourne Wind Farm,Lilbourne  ,100,310,Lilbourne Wind Farm
The Limes Wind Turbines,Limes,59,654,Limes
Lindhurst Wind Farm,Lindhurst  ,100,333,Lindhurst Wind Farm
Lissett Airfield Wind Farm,Eye Airfield  ,71,462,Lissett Wind Farm
Little Belhus Restoration Site,Little Raith   Limited,54,175,Little Belhus North
Little Byth,Little Byth,100,584,Little Byth
Little Cheyne Court Wind Farm,Little Cheyne Court  ,100,37,Little Cheyne Court Wind Farm
Little Raith Farm,Little Byth,78,584,Little Raith Wind Farm Limited
Llanbabo Wind Farm,Llanbabo (Llyn Alaw),59,191,Llanbabo (Llyn Alaw)
Llangwyryfon,Llangwyryfon ,100,319,Llangwyryfon Windfarm
"Llynfi Renewable Energy Park, Land at Mynydd Caerau",Llynfi Afan Renewable Energy Park Limited,67,102,Llynfi Afan Renewable Energy Park Limited
Llynfi Afan Renewable Energy Park,Llynfi Afan Renewable Energy Park Limited,89,102,Llynfi Afan Renewable Energy Park Limited
Lochcarnan Community Windfarm,Lochcarnan Community  ,100,363,Lochcarnan Community Wind Farm
Lochelbank Wind Farm II,Lochelbank ,80,338,Lochelbank Windfarm
Lochend Wind Farm,Lochend ,100,348,Lochend Windfarm
Lochhead Farm,Lochhead  ,100,451,Lochhead Wind Farm
Lochluichart (Extension),Lochluichart ,69,36,Lochluichart Windfarm
Lochluichart,Lochluichart ,100,36,Lochluichart Windfarm
Loftsome Bridge,Tween Bridge  ,67,70,"Loftsome Bridge Water treatment Works - A, D (24/09/2007)"
Long Mountain,Long Mountain,100,180,Long Mountain
Long Hill Road,Lough Hill   - A,67,415,"Longhill Wind Turbine - A,C"
Longlands Lane,Longlands Lane,100,663,Longlands Lane
Longpark,Longpark  ,100,103,Longpark Wind Farm
Loscar Farm,Loscar,100,520,Loscar
Lough Hill,Lough Hill   - A,77,415,Lough Hill Wind Farm - A
Low Spinney Wind Farm,Low Spinney,100,385,Low Spinney
Lowca Wind Farm,Lowca,100,471,Lowca
Lynemouth Windfarm (Resubmission),Lynemouth,55,172,Lynemouth
Hill of Easterton Extension,Tullo Extension,62,162,Mackies Hill of Easterton Wind Turbine - D
Hill of Easterton,Mackies Hill of Easterton   - D,71,564,Mackies Hill of Easterton Wind Turbine - D
Maerdy,Maerdy  ,100,141,Maerdy Wind Farm
Maesgwyn Wind Farm - extension,Maesgwyn Extension.,90,531,Maesgwyn Extension.
Maesgwyn,Maesgwyn  ,100,281,Maesgwyn Wind Farm
Mains of Hatton,Mains of Hatton,100,575,Mains of Hatton
Greenvale AP Wind Turbine ,March Greenvale  ,67,738,March Greenvale Wind Farm
MARCH SEWAGE TREATMENT WORKS - WIND TURBINE,"Loftsome Bridge Water treatment Works - A, D (24/09/2007)",55,645,March STW
Mark Hill,Mark Hill ,100,68,Mark Hill Windfarm
Marr Windfarm,Marr  ,100,373,Marr Wind Farm
Marshill Farm,Marshill ,100,519,Marshill Turbine
Marston Vale Country Park Wind Turbine,Marston Vale,65,632,Marston Vale
Meall an Tuirc Wind Farm,Meall An Tuirc (Novar) ,80,387,Meall An Tuirc (Novar) Windfarm
Meikle Carewe ,Meikle Carewe,100,287,Meikle Carewe
Melton Waste Park ,Myreton  Cluster Phase I,59,579,Melton Wind Farm
Melton Common Wind Cluster,West Knock  Cluster,63,556,Melton Wind Farm
Mid Hill - Phase II,Mid Hill  ,59,21,Mid Hill Wind Farm
Mid Hill I,Mid Hill  ,89,21,Mid Hill Wind Farm
Middle Balbeggie Wind Turbines,Middle Balbeggie,91,457,Middle Balbeggie
Middle Muir Wind Farm,Middle Muir  ,100,98,Middle Muir Wind Farm
Middlemoor,Middlemoor  ,100,51,Middlemoor Wind Farm
Middleton Wind Farm,Middleton ,100,277,Middleton Windfarm
Middlewick wind farm,Siddick,71,525,Middlewick Generating Station
ANP Newport Wind Turbine,Newport   2,64,640,Millennium Wind Farm - A
Millennium Extension,Tullo Extension,69,162,Millennium Wind Farm - A
Millennium Windfarm,Millennium   - A,77,33,Millennium Wind Farm - A
Millour Hill Community Windfarm (Extension) ,Hameldon Hill Extension,63,421,Millour Hill
Millour Hill Community Windfarm ,Millour Hill,71,104,Millour Hill
Milton Keynes Wind Farm,Milton Keynes (Petsoe)  ,76,231,Milton Keynes (Petsoe) Wind Farm
Milton of Fisherie Wind Cluster,Milton of Fisherie  s,88,470,Milton of Fisherie Wind Turbines
Minnygap,Minnygap  ,100,132,Minnygap Wind Farm
Minsca,Minsca ,100,119,Minsca Windfarm
Moel Maelogen A Phase 2,Moel Maelogen,72,536,Moel Maelogen
Moel Maelogen A,Moel Maelogen,93,536,Moel Maelogen
Molly Mountain,Molly Mountain,100,228,Molly Mountain
Monan Hill Wind Turbines,Mark Hill ,64,68,"Monan, North Harris"
Monnaboy Wind Farm,Monnaboy ,100,285,Monnaboy Windfarm
Moorhouse Farm,Moor House  ,95,242,Moor House Wind Farm
Moor House Wind Farm ,Moor House  ,100,242,Moor House Wind Farm
Mossmorran Wind Farm,Mossmorran,100,477,Mossmorran
Moy Wind Farm (2nd Application),Molly Mountain,44,228,Moy Wind Farm
Muirake,Muirake  ,100,503,Muirake Wind Farm
Muirhall,Hall  ,67,194,Muirhall Wind Farm Limited
Millennium Extension II,Muirhall  Extension Ltd,65,355,Muirhall Windfarm Extension Ltd
Muirhall South,Muirhall  Extension Ltd,65,355,Muirhall Windfarm Extension Ltd
Muirhall Extension,Muirhall  Extension Ltd,88,355,Muirhall Windfarm Extension Ltd
Mynydd Brombil Wind Farm,Mynydd Brombil  ,100,352,Mynydd Brombil Wind Farm
Mynydd Bwllfa Wind Farm - Resubmission,Mynydd Bwllfa  ,60,166,Mynydd Bwllfa Wind Farm
Mynydd Clogau Wind Farm,Mynydd Clogau,100,311,Mynydd Clogau
Mynydd Gorddu Wind Farm,Mynydd Gorddu,100,312,Mynydd Gorddu
Mynydd Portref,Mynydd Portref ,100,393,Mynydd Portref Windfarm
Mynydd Portref Wind Farm extension,Mynydd Portref  Extension,98,257,Mynydd Portref Windfarm Extension
Mynydd y Betws,Mynydd y Betws  ,100,79,Mynydd y Betws Wind Farm
Mynydd Y Gwair Wind Farm ,Mynydd Y Gwair  ,100,60,Mynydd Y Gwair Wind Farm
Mynydd Y Gwrhyd Windfarm,Mynydd y Gwrhyd,100,574,Mynydd y Gwrhyd
National Wind Turbine Test Site,Myres Hill   Test Site - A,61,655,Myres Hill Wind Turbine Test Site - A
Myres Hill,Marshill ,78,519,Myres Hill Wind Turbine Test Site - A
Myreton Crossroads,Pentland Road,52,512,Myreton Wind Cluster Phase I
Tom Nan Clach,Nanclach  ,76,46,Nanclach Wind Farm
Nash Waste Water Treatment Works Turbine,"Hull Waste Water Treatment Works - WTG, (1/11/2007) A, D",66,1205,Nash WwTW Wind Turbine
NEILSTON WIND FARM,AFTON WIND FARM,79,53,Neilston Community Wind Farm
Netherton of Windyhills,Netherton of yhills,100,615,Netherton of Windyhills
New Albion Wind Farm,New Albion  ,100,307,New Albion Wind Farm
New Holland,Ewe Hill 1,57,249,"New Holland Farm, Holm"
New Rides Wind Farm,Twin Rivers  ,60,109,New Rides WInd Farm C.I.C
Newton Down,Newton Down   Ltd - GP,67,403,Newton Down Wind Farm Ltd - GP
Newton Marsh Wind Project,Newton March STW,70,541,Newton March STW
Nissan Motors Plant Extn,Kentish Flats Extension  ,51,1733,"Nissan Wind Farm - A,C,D"
Nissan Wind Farm,"Nissan   - A,C,D",55,514,"Nissan Wind Farm - A,C,D"
Noble Foods,Noble Foods,100,675,Noble Foods
North Pickenham Airfield,North Pickenham Airfield,100,487,North Pickenham Airfield
North Pickenham,North Pickenham  - A,86,221,North Pickenham Windfarm - A
North Steads Wind Farm ,North Steads   - GP,77,229,North Steads Wind Farm - GP
Novar Wind Farm (Extension),Hare Hill Extension,70,136,Novar II Wind Farm
Nutberry Wind Farm,Nutberry  ,100,170,Nutberry Wind Farm
Oldside Wind Farm,Oldside,100,480,Oldside
Ora More,OraMore  ,93,223,OraMore Wind Farm
Orchard End ,Orchard End ,100,466,Orchard End Windfarm
Otterham Down Wind Farm,Otterham 4,78,486,Otterham 4
Out Newton Wind Farm,Out Newton,100,361,Out Newton
Ovenden Moor (Repower) ,Ovenden Moor WF,78,146,Ovenden Moor WF
Ovenden Moor,Ovenden Moor WF,89,146,Ovenden Moor WF
Owenreagh Extension,Whitelee  Extension,68,9,Owenreagh Wind Farm
Owenreagh Wind Farm,Owenreagh  ,100,440,Owenreagh Wind Farm
Pant y wal extension,Pant y Wal Extension  ,100,131,Pant y Wal Extension Wind Farm
Pant y wal,Pant y Wal  ,100,50,Pant y Wal Wind Farm
Parc Cynog Extension,Pant y Wal Extension  ,70,131,Parc-Cynog
Parc-Cynog Wind Farm,Parc-Cynog,100,555,Parc-Cynog
Park Spring Wind Farm,Park Spring  ,100,443,Park Spring Wind Farm
Pates Hill,Pates Hill  ,100,253,Pates Hill Wind Farm
Paul's Hill and Extension,Hare Hill Extension,73,136,"Pauls Hill Wind Farm - A,C,E"
Pearie Law Wind Farm,Pearie Law  ,100,233,Pearie Law Wind Farm
Pen Bryn Oer Wind Farm,Pen Bryn Oer  ,100,353,Pen Bryn Oer Wind Farm
Pen Y Cymoedd,Pen y Cymoedd  ,100,0,Pen y Cymoedd Wind Farm
Penmanshiel Wind Farm,Penmanshiel-GP,88,105,Penmanshiel-GP
Penny Hill Lane,Penny Hill  ,80,240,Penny Hill Wind Farm
Pentland Road Wind Farm,Pentland Road,100,512,Pentland Road
Oakdale Business Park,Accolade Wines 2,54,554,PFR Oakdale Wind
HMP Standford Hill,PFR Standford Hill s,84,448,PFR Standford Hill Turbines
Phase 1 Bettyhill Wind Farm,Phase 1 Bettyhill  ,100,563,Phase 1 Bettyhill Wind Farm
Plascow wind cluster ,Blaen Bowi cluster,71,568,Plascow Turbine
Pogbie Wind Farm 1,Boyndie - A,57,205,Pogbie Community
Pogbie Wind Farm 2,Grange   2,60,265,Pogbie Community
Pollnalaght (Cornavarrow),Pollnalaght  ,63,64,Pollnalaght Wind Farm
Port of Liverpool - wind,Port of Liverpool  ,100,324,Port of Liverpool Wind Farm
Tilbury Docks,Tullymurdoch ,56,309,Port of Tilbury Wind Farm
Potato Pot Wind Farm,Potato Pot,100,377,Potato Pot
Princes Gate Spring Water,Park Spring  ,50,443,Princes Gate Wind Power
Quarrendon Fields,Quarrendon Fields,100,599,Quarrendon Fields
Quixwood Moor,Quixwood  ,76,118,Quixwood Wind Farm
Ramsey 1,Ramsey 2  ,88,334,Ramsey
Ramsey Wind Farm Extension,Maesgwyn Extension.,72,531,Ramsey 2 Wind Farm
Ranson Moor (phase 1),Ransonmoor   - A (1/03/07),67,328,Ransonmoor Wind Farm - A (1/03/07)
Ranson Moor Wind Farm (Phase 2),Caton Moor   - A,68,304,Ransonmoor Wind Farm - A (1/03/07)
Ray Wind Farm,Ray  ,100,41,Ray Wind Farm
Reaps Moss Wind Farm ,Reaps Moss,100,261,Reaps Moss
Red Gap Moor Wind Farm,Red Gap Moor,100,271,Red Gap Moor
Red Tile,Red Tile   2 - A,67,268,Red Tile Wind Farm 2 - A
North Red Bog,South Redbog,80,631,Redbog
Rheidol Wind Farm,Rheidol ,100,593,Rheidol Windfarm
Rhodders Wind Farm,Rhodders,100,267,Rhodders
Rigged Hill Wind Farm,Rigged Hill ,100,439,Rigged Hill Windfarm
Rodbaston,Rodbaston WTG2,78,649,Rodbaston WTG2
Roos Wind Farm (Resubmission),Robin Rigg Offshore   (West),43,1725,Roos Wind Farm
Rosehall Hill Forest Windfarm,Roughside Hill (Bowbeat),60,272,Rosehall Wind Farm
Rosehill Wind Turbines,Rosehall  ,74,160,Rosehall Wind Farm
Roskrow Wind Turbines,Irvine GSK  s,52,491,Roskrow Barton (17/12/2007)
Rothes Wind (Cairn Uish),"Rothes  Ltd - A, C, E",55,65,"Rothes Wind Ltd - A, C, E"
Rothes Wind Farm (Extension) (II),Whitelee  Extension,60,9,Rothes2 Wind Farm
Rothiesholm,Rothes2  ,67,58,Rothiesholm Head Wind Farm
Roughside Hill,Roughside Hill (Bowbeat),76,272,Roughside Hill (Bowbeat)
Royal Seaforth Dock Wind Farm,Royal Seaforth Docks,97,567,Royal Seaforth Docks
Royd Moor,Royd Moor  - A,78,566,Royd Moor Windfarm - A
Rusholme Wind Farm,Rusholme  ,100,203,Rusholme Wind Farm
Ryder Point Quarry Wind Turbines,Ryder Point Dec15,63,459,Ryder Point Dec15
Sancton Hill,Sancton Hill  ,100,300,Sancton Hill Wind Farm
Sanquhar Community Windfarm,Binn Community  ,69,499,Sanquhar Windfarm
Craigengelt,Craig  ,62,339,Scotia Wind (Craigengelt) Limited
Scout Moor Windfarm,Scout Moor  ,100,34,Scout Moor Wind Farm
Screggagh,Screggagh ,100,199,Screggagh Windfarm
Seamer Windfarm - Stockton on Tees,"Earlsburn   - A,E",47,61,Seamer Wind Farm
Seamer Wind Farm - Hambleton,"Earlsburn   - A,E",54,61,Seamer Wind Farm
Seegronan,Seegronan1 ,95,274,Seegronan1 Windfarm
Shantavny Scotch,Shantavny  Park,65,273,Shantavny Wind Park
Sharpness Docks,Sheerness  ,58,284,Sharpness wind turbine
Port of Sheerness Wind Farm (was Lappel Bank),North Steads   - GP,47,229,Sheerness Wind Farm
Shepham Lane ,Shepham  ,74,425,Shepham Wind Farm
Shooters Bottom Wind Park,Shooters Bottom  Park Ltd,91,630,Shooters Bottom Wind Park Ltd
Siddick Wind Farm,Siddick,100,525,Siddick
Sisters,Sisters   - GP,67,362,Sisters Wind Farm - GP
Sixpenny Wood Windfarm,Sixpenny Wood  ,100,169,Sixpenny Wood Wind Farm
Skeddoway Farm Wind Turbine ,Skeddoway  ,100,624,Skeddoway Wind Farm
Skelmonae Wind Farm,Skelmonae  Ltd,78,543,Skelmonae Windfarm Ltd
Slieve Divena Phase 1 Wind Farm,Slieve Divena 2  ,78,183,Slieve Divena 2 Wind Farm
Slieve Divena Phase 2 Wind Farm,Slieve Divena 2  ,83,183,Slieve Divena 2 Wind Farm
Slieve Kirk,Slieve Kirk ,100,26,Slieve Kirk Windfarm
Slieve Rushen Extension,Slieve Rushen  - A,68,445,Slieve Rushen Windfarm - A
Slieve Rushen Phase 1 Wind Farm,Slieve Rushen  - A,77,445,Slieve Rushen Windfarm - A
Slieveglass,Slieveglass  ,100,397,Slieveglass Wind Farm
Sober Hill Wind Farm ,Sober Hill A,91,306,Sober Hill A
Solwaybank Wind Farm,Solway  ,75,121,Solway Wind Farm
South Sharpley Wind Farm (Revised),South Sharpley  ,72,438,South Sharpley Wind Farm
Southrigg,SouthriggWTLimited,67,604,SouthriggWTLimited
Spaldington Airfield,Spaldington Airfield   (1),89,313,Spaldington Airfield Wind Farm (1)
Spicer Hill Wind Farm,Spicer Hill  ,100,417,Spicer Hill Wind Farm
Spurness Wind Farm,Spurness   II,76,189,Spurness Wind Farm II
Spurness Wind Farm Repowering,Spurness   II,71,189,"Spurness Windfarm - A,C"
Dun Law,SRO Dun Law - A,64,252,SRO Dun Law - A
Srondoire Community Wind Farm,Pogbie Community,74,463,Srondoire Wind Farm
St. Breock Re-Power ,St Breock  - A,67,444,St Breock Windfarm - A
St. Johns Hill,St John Hill,92,414,St John Hill
St John Hill,St John Hill,100,414,St John Hill
St Johns Wells Wind Cluster Extension,St John's Wells  ,58,576,St John's Wells Wind Farm
St John's Well,St John's Wells  ,97,576,St John's Wells Wind Farm
St Fergus Moss Wind Farm,St. Fergus,75,407,St. Fergus
Stags Holt,"Stags Holt   - A, E (5/07/07)",53,211,"Stags Holt Wind Farm - A, E (5/07/07)"
Stags Holt Extension,Hagshaw Hill Extension,76,145,"Stags Holt Wind Farm - A, E (5/07/07)"
Strath of Brydock - Extension,Strath of Brydock,74,365,Strath of Brydock
Strath of Brydock,Strath of Brydock,100,365,Strath of Brydock
Strathy North,Strathy North,100,45,Strathy North
Stronelairg Wind Farm,Stronelairg  ,100,1,Stronelairg Wind Farm
Stroupster Wind Farm - additional turbine,Stroupster1,56,96,Stroupster1
Hill of Stroupster Windfarm,Hill of Towie  ,71,57,Stroupster1
Sunnyside wind cluster,West Knock  Cluster,59,556,Sunnyside Wind Turbine
Swaffham Plashes II,Swaffham II,73,683,Swaffham II
Swinford Wind Farm,Swinford  ,100,143,Swinford Wind Farm
Taff Ely Wind Farm,Taff Ely   - A,73,368,Taff Ely Wind Farm - A
Tallentire Hill,Tallentire,80,283,Tallentire
Tangy Wind Farm Extension/Tangy 2,Pant y Wal Extension  ,62,131,Tangy Wind Farm - A
Tangy Wind Farm/Tangy 1,Tangy   - A,69,200,Tangy Wind Farm - A
Tappaghan Extension,Maesgwyn Extension.,70,531,Tappaghan Windfarm Ltd
Tappaghan,Tappaghan  Ltd,78,130,Tappaghan Windfarm Ltd
Tedder Hill Wind cluster,Tedder Hill,71,391,Tedder Hill
Teiges,Teiges Mountain  ,57,243,Teiges Mountain Wind Farm
Carraig Gheal,The Carraig Gheal  ,87,48,The Carraig Gheal Wind Farm
Grange ,The Grange  ,75,195,The Grange Wind Farm
The Grange Wind Farm,The Grange  ,100,195,The Grange Wind Farm
The Hollies,The Hollies   - (21/01/2008),58,589,The Hollies Wind Farm - (21/01/2008)
Thorfinn Wind Farm - NM2000,Thorfinn  Energy Project (NM1500),67,573,Thorfinn Wind Energy Project (NM1500)
Thorfinn Wind Farm - NM1500,Thorfinn  Energy Project (NM1500),75,573,Thorfinn Wind Energy Project (NM1500)
Thornog Windfarm Extension,Tullo Extension,73,162,Thornog Windfarm
Thornog Windfarm,Thornog ,100,220,Thornog Windfarm
Tievenameenta,Tievenameenta  ,100,86,Tievenameenta Wind Farm
Tir Mostyn And Foel Goch Wind Farm,Tir Mostyn And Foel Goch,100,208,Tir Mostyn And Foel Goch
Tirgwynt,Tirgwynt,100,91,Tirgwynt
Toddleburn,Toddleburn ,100,116,Toddleburn Windfarm
Todmorden Moor  ,Todmorden Moor   full,80,201,Todmorden Moor Wind Farm full
Easter Tolmauds,Tolmauds ,70,659,Tolmauds Wind
Tormywheel,Tormywheel   Limited,67,92,Tormywheel Wind Farm Limited
Torrance Farm Wind Park Extension,Pant y Wal Extension  ,67,131,Torrance Windfarm
Torrance Farm,Torrance ,100,345,Torrance Windfarm
Tow Law Wind Farm,Tow Law  ,100,613,Tow Law Wind Farm
Tralorg Wind Farm,Tralorg  ,100,178,Tralorg Wind Farm
Trimdon Grange,Trimdon Grange,100,522,Trimdon Grange
Trysglwyn Wind Farm,Trysglwyn,100,476,Trysglwyn
Easter Tulloch Wind Farm (Tullo Extension),Tullo Extension,62,162,Tullo Extension
Tullo Wind Farm North Extension (Shiels Wind Farm),Tullo Extension,65,162,Tullo Extension
Tullo Wind Farm South (Ext.),Tullo   Limited,61,213,Tullo Wind Farm Limited
Tullymurdoch Wind Farm,Tullymurdoch ,100,309,Tullymurdoch Windfarm
Turncole Wind Farm,Turncole  ,100,157,Turncole Wind Farm
Tween Bridge Windfarm,Tween Bridge  ,100,70,Tween Bridge Wind Farm
Twin Rivers,Twin Rivers  ,100,109,Twin Rivers Wind Farm
Upper Holton Wind Farm,Upper Holton Halesworth,69,356,Upper Holton Halesworth
Wadlow Wind Farm,Wadlow  ,100,106,Wadlow Wind Farm
Walkway,Walkway   1,78,435,Walkway Wind Farm 1
Wandylaw,Wandylaw  ,100,139,Wandylaw Wind Farm
Wardlaw Wood,Wardlaw Wood - A,86,163,Wardlaw Wood - A
Watford Lodge,Watford Lodge  ,100,299,Watford Lodge Wind Farm
Wathegar 2 Wind Farm,Wathegar 2  ,100,128,Wathegar 2 Wind Farm
Wathegar wind farm,Wathegar  ,100,276,Wathegar Wind Farm
Wear Point,Wear Point  ,100,335,Wear Point Wind Farm
Newstead and Annesley Wind Turbine ,Newstead,55,684,WED Lawrence Ltd
Welton Of Creuchies,Welton of Creuchies  ,100,461,Welton of Creuchies Wind Farm
Wern Ddu Wind Farm,Wern Ddu,100,395,Wern Ddu
West Browncastle,West Browncastle  ,100,117,West Browncastle Wind Farm
West Durham Wind Farm,West Durham  ltd,81,266,West Durham Windfarm ltd
West Knock Wind Cluster,West Knock  Cluster,100,556,West Knock Wind Cluster
Westfield,Westfield  ,100,433,Westfield Wind Farm
Westnewton,Westnewton  ,100,409,Westnewton Wind Farm
Wether Hill,Keith Hill,76,516,"Wether Hill Windfarm - A, E"
Wharrels Hill Wind Farm,Wharrels Hill ,100,346,Wharrels Hill Windfarm
Upper Wheedlemont Farm,Upper Holton Halesworth,55,356,Wheedlemont
Whitelee,Whitelee ,100,3,Whitelee Windfarm
Whitelee Windfarm Extension phase 2,Whitelee  Extension,83,9,Whitelee Windfarm Extension
Whitelee Windfarm Extension Phase 1,Whitelee  Extension,83,9,Whitelee Windfarm Extension
Westmill Wind Farm,Whitemill  ,71,280,Whitemill Wind Farm
Whitemill Wind Farm,Whitemill  ,100,280,Whitemill Wind Farm
Whiteside Hill,Whiteside Hill  ,100,66,Whiteside Hill Wind Farm
Whittlesey,Whittlesey,100,635,Whittlesey
North Rhins,North Uist  ,76,540,Wind Energy (North Rhins) Limited
Derby Sewage Treatment Works,"Loftsome Bridge Water treatment Works - A, D (24/09/2007)",45,645,Wind Power Derby
Newthorpe Wind Turbine, Power Newthorpe,75,594,Wind Power Newthorpe
Severn Trent Water - Stoke Bardolph Wind Turbine, Power Stoke Bardolph,62,665,Wind Power Stoke Bardolph
Wind Turbine 1,  1,100,657,Wind Turbine 1
Brochloch Rig (formerly Windy Standard II),Polwhat Rig  (y Standard),62,389,Windy Standard II (Brockloch Rig)
Brochloch Rig 1 (formerly Windy Standard),Polwhat Rig  (y Standard),63,389,Windy Standard II (Brockloch Rig)
Wingates Wind Farm,Wingates  ,100,247,Wingates Wind Farm
Winscales Moor,Winscales Moor  ,100,467,Winscales Moor Wind Farm
Winscales Phase I and II,Winscales Phase II,86,447,Winscales Phase II
Winwick,Withernwick  ,78,190,Winwick Wind Farm_Full
Withernwick extension,Whitelee  Extension,70,9,Withernwick Wind Farm
Withernwick,Withernwick  ,100,190,Withernwick Wind Farm
Wolf Bog Wind Farm,Woodland Barton  ,52,456,Wolf Bog Wind Farm - A (10/09/2007)
Woodlands Barton Wind Project,Woodland Barton  ,75,456,Woodland Barton Wind Farm
Woodlands Wind Farm,Woodlands   s,82,642,Woodlands Farm Wind Turbines
Woolley Hill Wind Farm,Woolley Hill  ,100,254,Woolley Hill Wind Farm
Worksop - B&Q,Worksop  Park Ltd,67,669,Worksop Wind Park Ltd
Wryde Croft,Wryde Croft  ,100,140,Wryde Croft Wind Farm
Wythegill Wind Turbine,Wythegill,100,616,Wythegill
Yelvertoft Wind Farm,Yelvertoft  ,100,215,Yelvertoft Wind Farm
Backhill of Yonderton Wind Cluster,Gairnieston  Cluster,64,586,"Yonderton, Banf"
Yonderton Farm,"Yonderton, Banf",75,469,"Yonderton, Banf"
Ystgellog Farm Wind Farm ,Ysgellog  ,94,449,Ysgellog Wind Farm
Land at Overside and Greenwellheads Farms,Carland Cross Repowering ,39,209,
Glenurquhart and Strathglass Wind Farm project,North Steads   - GP,42,229,
Advanced Manufacturing Research Centre,Corriegarth  Energy Centre,44,44,
The Michelin Tyre Factory - Ballymena,Dunfermline  Direct Limited,44,769,
Ardoch and Over Enoch Wind Farm (Over Enoch),"Cruach Mhor  - A, E",44,168,
"Eastman Chemicals, Workington",Dalswinton ,46,176,
Curraghamulkin (Dooish Wind Farm),Cathkin Braes  ,46,552,
Michelin Tyre Co Ltd - Dundee,"Ffynnon Oer   Ltd - A,E",46,179,
The Low Carbon Energy Generation Project at Keele University,Thorfinn  Energy Project (NM1500),46,573,
FMC Technologies,Deuchries  ,48,411,
Humphrey Group,Hedley Hope,48,608,
K L Technologies Wind Turbine,Deuchries  ,48,411,
Land approx 75m South of 141,Clyde  (South),49,8,
Mornflake Oats Wind Turbine,Skelmonae  Ltd,50,543,
Magherafelt,Clachan Flats,50,418,
Loch Sminig Wind Project,Clocaenog Forest  ,50,14,
East Midlands Airport,AFTON WIND FARM,50,53,
Furness Wind Farm/High Winds (Harlock Repowering) ,Carland Cross Repowering ,50,209,
GlaxoSmithKline Wind Project (Turbine 4),Thorfinn  Energy Project (NM1500),50,573,
Ardoch and Over Enoch Wind Farm (Ardoch),"Hare Hill   (eon) - A, C (3H)",51,671,
Hunterston Test Centre,Newton of Fortrie,51,376,
Llandinam Windfarm,Longlands Lane,52,663,
Greencroft Estate Turbines,Green Knowes ,52,110,
"F M C Land, Pitreavie Business Park",Hy Scotland Pilot Park,53,1738,
Lodge Farm 1,Boyndie - A,53,205,
Avonmouth Wind Power,Coal Clough Repowering,53,204,
Chelker Reservoir (Retention of Turbines),Whitelee  Extension,54,9,
West of Rhiwfelin Fach Farm,Welton of Creuchies  ,54,461,
Land near Ventonteague ,Woodland Barton  ,54,456,
Askam,Seamer  ,55,344,
The Rosti Factory,Castle of Auchry,55,582,
Energy Works Hull - Wind Turbine,Hunters Hill ,55,216,
Airfield Farm (Podington) ,Fairfield  ,55,441,
MSD Cramlington,Carsington,56,383,
Severn Trent STW,Sheerness  ,56,284,
Fforch Nest Wind Farm pt2,North Steads   - GP,56,229,
Glenconway,Glen App,56,154,
Fforch Nest Wind Farm pt1,North Steads   - GP,56,229,
Balmurrie Fell Wind Farm,Burgar Hill,56,634,
Bodtegir,Brotherton  ,56,465,
Celcon Blocks Ltd,Skelmonae  Ltd,58,543,
Wind Farm Africa Alive,Carrickatane ,58,148,
Nethercott Farm,Cold Northcott ,58,1222,
Mawdesley Moss,Reaps Moss,58,261,
Hall Farm Routh,Clyde  (South),58,8,
Lower Rumster wind turbine, Power Derby,58,484,
Saltend Wind Turbine,Altaveedan  ,59,156,
Solutia UK Ltd,Lisglass  Ltd,59,551,
Gedney Marsh,Gayton Le Marsh  ,59,158,
Southern Law,SRO Dun Law - A,59,252,
Bewick Drift,Butterwick Moor  ,59,245,
Far Marsh Farm ,Marshill ,59,519,
Ford Motor Company Ltd (Extension),Pant y Wal Extension  ,60,131,
Bambers II,Lambs Hill,60,357,
Windy Rig Wind Farm ,Gruig  ,60,167,
Blue Gates Farm,Double Arches  ,61,619,
Sibelco Brassington,Carsington,62,383,
Hawton Wind Farm,Dalswinton ,62,176,
Rathsherry ,Ramsey,62,591,
Langford Wind Farm,Swinford  ,62,143,
Blaengwen ,Langley,62,382,
Methlick Farmers Wind Energy Project,Thorfinn  Energy Project (NM1500),63,573,
Crockbrack,Crockagarran  ,64,219,
Carscreugh Renewable Energy Park,Chelveston Renewable Energy,64,135,
Chelker Reservoir,Bears Down Reservoir,65,336,
Bryn Du,Wern Ddu,67,395,
M1 Wind Farm,  1,67,657,
Aikengall 3 Community Wind Farm,Binn Community  ,69,499,
Gremista Wind Farm,Armistead  ,71,316,
New Barn Farm,Newark ,71,375,
Norton Fields Farm,Goole Fields  ,72,93,
The Haven,Stonehaven  ,74,629,
Carn Vean,Carno A,75,262,
Shielburn Farm,Kelburn  ,75,76,
Elginny Hill ,Penny Hill  ,82,240,
